query,true_answer,reasoning,model_answer,knowledge_accuracy,reasoning_accuracy,final_answer_accuracy
"4p 亚层中轨道的主量子数为___, 角量子数为___, 该亚层的轨道最多可以有 ___ 种空间取向, 最多可容纳___个电子。","4,1,3,6","：首先，根据量子力学中电子排布的基本原则，我们来分析这个问题。4p亚层中的“4”代表了主量子数\(n\)的值，它决定了电子所在的能层（或称为主壳层）。因此，4p亚层中的主量子数\(n=4\)。

接下来考虑角量子数\(l\)，\(l\)与轨道形状相关联，对于p轨道而言，无论是在哪个能层，其角量子数总是1 (\(l=1\))。这是因为p轨道总是具有哑铃形结构，这对应于\(l=1\)的情况。

接着是关于该亚层轨道最多可以有多少种空间取向的问题。这一点可以通过磁量子数\(m_l\)来确定，\(m_l\)的可能取值范围是从\(-l\)到\(l\)，包括0。对于\(l=1\)的情况，\(m_l\)可以取-1, 0, +1三个值，这意味着p亚层有3种不同的空间取向。

最后，要计算一个特定亚层最多可容纳多少个电子，我们需要知道每个轨道最多能容纳2个自旋相反的电子，并且基于上述分析，p亚层共有3个轨道。因此，4p亚层总共可以容纳\(3 \times 2 = 6\)个电子。","：4, 1, 3, 6",N/A,N/A,N/A
"第四周期元素中, $4\mathrm{p}$ 轨道半充满的是 $\;,3\mathrm{\;d}$ 轨道半充满的是___ $,4\mathrm{\;s}$ 轨道半充满的是___,价层中 $\mathrm{s}$ 电子数与 $\mathrm{d}$ 电子数相同的是","$\mathrm{{As}},\mathrm{{Cr}}$ 和 $\mathrm{{Mn}},\mathrm{K}\text{、}\mathrm{{Cr}}$ 和 $\mathrm{{Cu}},\mathrm{{Ti}}$","：首先，我们需要理解题目中“半充满”的含义。对于一个轨道来说，“半充满”意味着该轨道上的电子数正好是其最大容纳量的一半。$4\mathrm{p}$ 轨道最多可以容纳6个电子，因此半满状态指的是有3个电子；$3\mathrm{d}$ 轨道最多可容纳10个电子，故半满状态为5个电子；而$4\mathrm{s}$ 轨道最多只能容纳2个电子，所以半满状态即为1个电子。

- 对于$4\mathrm{p}$轨道半充满的情况，我们知道这是指元素的外层电子配置中包含$4\mathrm{p}^3$。第四周期内符合条件的第一个元素是砷(As)，它的电子排布为$[Ar]3\mathrm{d}^{10}4\mathrm{s}^24\mathrm{p}^3$。
- $3\mathrm{d}$轨道半充满意味着需要找到电子排布中包含$3\mathrm{d}^5$形式的元素。在第四周期里，这样的元素是锰(Mn)，其电子构型为$[Ar]3\mathrm{d}^54\mathrm{s}^2$。
- 关于$4\mathrm{s}$轨道半充满，这意味着要找的是具有$4\mathrm{s}^1$特征的元素。钾(K)符合这个条件，其电子排布为$[Ar]4\mathrm{s}^1$。
- 最后一部分要求价层中$\mathrm{s}$电子数与$\mathrm{d}$电子数相同。考虑到价层通常是指最外层或次外层参与化学反应的电子层，在这里应该考虑的是$4\mathrm{s}$和$3\mathrm{d}$轨道。钛(Ti)是一个例子，其电子排布为$[Ar]3\mathrm{d}^24\mathrm{s}^2$，这里$\mathrm{s}$电子（2个）和$\mathrm{d}$电子（2个）数目相等。","：砷, 锰, 钾, 钛",N/A,N/A,N/A
"周期表中最活泼的金属为 , 最活泼的非金属为 ___ ; 原子序数最小的放射性元素为第___周期元素, 其元素符号为___。","$\mathrm{{Fr}},\mathrm{F}$ ,五, $\mathrm{{Tc}}$","：首先，根据元素周期表的知识，我们知道最活泼的金属通常指的是碱金属族（IA族）中的元素，因为它们只有一个价电子，非常容易失去形成+1价离子。随着原子序数增加，碱金属的活性增强，但由于放射性等问题，一般认为锂(Li)到铯(Cs)是稳定存在的，而钫(Fr)虽然更活泼但具有放射性且不稳定。因此，在常规条件下讨论时，铯(Cs)被认为是周期表中最活泼的金属。

对于非金属而言，最活泼的一般是指卤素族（VIIA族），特别是氟(F)，因为它拥有最强的吸引电子的能力，即电负性最大，能够与其他元素形成化合物时表现出极高的反应活性。

关于原子序数最小的放射性元素，我们从周期表上寻找。氢(H)、氦(He)等轻元素都不是放射性的，直到我们遇到第26号元素铁(Fe)之后才开始出现稳定的同位素逐渐减少的情况。但是，真正的第一个完全由放射性同位素组成的元素实际上是第84号元素钋(Po)。不过，如果考虑包含至少一个长寿命同位素的话，则应该是第35号元素溴(Br)的一个稀有同位素Br-79，它具有约5.6亿年的半衰期，但在自然界中极为罕见。然而，按照题目要求寻找“原子序数最小”的纯放射性元素，答案应指向钋(Po)，它是首个所有已知同位素都具有放射性的元素。",：Cs; F; 84; Po,N/A,N/A,N/A
"给出下列元素的价层电子排布式: $\mathrm{W}$___ ___, $\mathrm{{Nb}}$ ___, $\mathrm{{Ru}}$ ___, $\mathrm{{Rh}}$ ___, $\mathrm{{Pd}}$ ___ $,\mathrm{{Pt}}$ ___。","$5{\mathrm{\;d}}^{4}6{\mathrm{\;s}}^{2},4{\mathrm{\;d}}^{4}5{\mathrm{\;s}}^{1},4{\mathrm{\;d}}^{7}5{\mathrm{\;s}}^{1},4{\mathrm{\;d}}^{8}5{\mathrm{\;s}}^{1},4{\mathrm{\;d}}^{10}5{\mathrm{\;s}}^{0},5{\mathrm{\;d}}^{9}6{\mathrm{\;s}}^{1}$","：要解答这个问题，首先需要知道每个元素的原子序数，然后根据其在周期表中的位置确定它们属于哪个周期和族。接着依据这些信息以及电子排布规则（如泡利不相容原理、洪特规则等），我们可以写出各个元素的价层电子排布式。

- 钨 (W) 的原子序数为74，在第六周期VIB族，因此它的价层电子配置应为5d^4 6s^2。
- 铌 (Nb) 的原子序数为41，位于第五周期VB族，故其价层电子配置为4d^3 5s^2。
- 钌 (Ru) 的原子序数为44，在第五周期VIIB族，其价层电子排布为4d^7 5s^1。这里需要注意的是钌倾向于形成+8氧化态，这表明一个5s电子移动到了4d轨道上以实现更稳定的半满状态。
- 铑 (Rh) 原子序数为45，处于第五周期VIII族，其价层电子结构为4d^8 5s^1。与钌类似，铑也偏好将5s的一个电子转移到4d轨道来达到更加稳定的配置。
- 钯 (Pd) 的原子序数是46，同属第五周期VIII族，但其价层电子排布略有不同，表现为4d^10。
- 铂 (Pt) 的原子序数为78，位于第六周期VIII族，它的价层电子排布是5d^9 6s^1。同样地，铂也会让一个6s电子迁移到5d轨道以获得更稳定的状态。

综上所述，我们可以通过分析各元素在周期表中的位置及其特定的电子排布倾向来确定正确的价层电子排布式。","：5d^4 6s^2, 4d^3 5s^2, 4d^7 5s^1, 4d^8 5s^1, 4d^10, 5d^9 6s^1",N/A,N/A,N/A
 氢原子轨道的能量计算公式为 $\rightarrow {\mathrm{{He}}}^{ + }$ 基态电子的能量与 $\mathrm{H}$ 基态电子的能量之比为___; $\mathrm{{Li}}$ 的第三电离能为___ $\mathrm{{kJ}} \cdot {\mathrm{{mol}}}^{-1}$ 。,"$E = - {13.6}\frac{1}{{n}^{2}}\mathrm{{eV}}$ ,4 : 1,11804","：题目分为两个部分，首先需要计算${\mathrm{{He}}}^{ + }$基态电子的能量与$\mathrm{H}$基态电子的能量之比；其次要确定$\mathrm{{Li}}$的第三电离能。

对于第一部分，氢原子或类氢离子（如${\mathrm{{He}}}^{ + }$）中单个电子的能量可以通过公式\[E_n = -\frac{13.6Z^2}{n^2}\, \text{eV}\]来计算，其中\(Z\)是原子核的电荷数（对于氢\(Z=1\)，对于氦离子\(Z=2\)），\(n\)是主量子数。对于基态电子，\(n=1\)。因此，对于氢原子，其基态能量为\(-13.6\, \text{eV}\)；对于${\mathrm{{He}}}^{ + }$，其基态能量为\(-\frac{13.6*2^2}{1^2} = -54.4\, \text{eV}\)。两者之比为\(\frac{-54.4}{-13.6} = 4\)。

对于第二部分，锂(Li)的第三电离能指的是从Li²⁺(已经失去了两个电子)中移除最后一个电子所需的能量。根据周期表数据和已知的电离能值，锂的第一、第二电离能分别是520 kJ/mol和7298 kJ/mol。但是，直接查找锂的第三电离能的具体数值更为准确。根据文献资料，锂的第三电离能大约为11815 kJ/mol。",：4; 11815,N/A,N/A,N/A
"镧系元素包括原子序数从___ 至 ___ 共 ___ 种元素; 从 La 到 Lu 金属半径共减少 $\mathrm{{pm}}$ ,这一事实称为___","57,71,15,9,镧系收缩,使第二过渡元素和第三过渡元素原子半径相近",：首先，我们需要确定镧系元素的范围。镧系元素是指从镧（La）到镥（Lu），位于周期表中的第57至71号元素之间。这意味着镧系元素包括了从原子序数57开始，直到71结束的所有元素。通过简单的计算可以得出，这一系列共有\(71 - 57 + 1 = 15\)种元素。接下来，关于金属半径的变化情况，我们知道随着原子序数的增加，在同一周期内电子层数保持不变的情况下，由于核电荷数增加导致核对最外层电子吸引力增强，从而使得原子半径或离子半径呈现递减趋势。对于镧系收缩现象，具体表现为从镧（La）到镥（Lu），这些元素的金属半径总共减少了大约40 pm左右。这种现象被称为“镧系收缩”。,"：57, 71, 15; 40, 镧系收缩",N/A,N/A,N/A
"某元素原子序数在氪之前, 该元素的原子失去 2 个电子后的离子在角量子数为 2 的轨道中有 1 个单电子, 若只失去 1 个电子则离子的轨道中没有单电子。该元素的符号为 , 其基态原子核外电子排布为 , 该元素在 ___ 区, 第 ___ 族。","Cu, $\left\lbrack \mathrm{{Ar}}\right\rbrack 3{\mathrm{\;d}}^{10}4{\mathrm{\;s}}^{1},\mathrm{{ds}},\mathrm{{IB}}$ ","：首先，根据题目描述“该元素原子序数在氪之前”，可以确定该元素位于周期表的第四周期内。其次，“该元素的原子失去2个电子后的离子在角量子数为2的轨道中有1个单电子”意味着形成正二价离子后d轨道上有1个未配对电子。再者，“若只失去1个电子则离子的轨道中没有单电子”说明形成正一价离子时所有电子都是成对存在的。结合这两点信息，我们可以推断出原始状态下的原子d轨道上应该有5个电子（因为去掉两个后还剩一个不成对），而s轨道上的电子应该是满的或者是空的，以确保形成+1价离子时所有电子都是成对的状态。

考虑到这些条件，我们寻找符合条件的元素。对于d区元素而言，其外层电子排布形式通常是\[ns^2(n-1)d^{1-10}\]。因此，我们需要找的是n=4的情况，并且\(d^5\)配置，这意味着它是铁族中的某个成员。检查铁族元素，发现Mn (锰) 符合上述条件：\[3d^5 4s^2\]。当它失去2个电子变为Mn²⁺时，其电子排布变为\[3d^5\]，正好符合题意；而当它仅失去1个电子成为Mn⁺时，虽然实际上不太稳定，但从理论角度来看，它的电子排布将变成\[3d^5 4s^1\]，但为了满足题目要求，我们假设这里指的是失去一个s轨道上的电子，使得剩余电子都处于配对状态，即\[3d^5\]（忽略不稳定的Mn⁺）。因此，该元素是锰(Mn)，属于d区，第VII B族。","：Mn, [Ar]3d^54s^2, d, VII B",N/A,N/A,N/A
" A 原子的 $\mathrm{M}$ 层比 $\mathrm{B}$ 原子的 $\mathrm{M}$ 层少 4 个电子, $\mathrm{B}$ 原子的 $\mathrm{N}$ 层比 $\mathrm{A}$ 原子的 $\mathrm{N}$ 层多 5 个电子。则 $\mathrm{A}$ 的元素符号为中反应得到的两种化合物为___","$\mathrm{{Fe}},\mathrm{{Br}},{\mathrm{{FeBr}}}_{2}$ 和 ${\mathrm{{FeBr}}}_{3}$","：
1. 首先，明确电子排布规则：每个电子层最多可容纳\(2n^2\)个电子（其中n为电子层数），因此M层(即第三层)最多可以有18个电子，而N层(第四层)则最多可以拥有32个电子。
2. 根据题目，“A原子的M层比B原子的M层少4个电子”，意味着如果B原子M层满载，则A原子M层应有14个电子；若非满载，则需依据实际情况调整。
3. 又提到“B原子的N层比A原子的N层多5个电子”。由于这是针对N层而言，且考虑到N层之前的所有层都必须按照最稳定状态填充完毕后才能开始填充下一层的原则，这里暗示着至少一方（很可能是双方）已经开始了N层的填充。
4. 为了简化问题并找到合适的候选者，考虑周期表中常见的具有特定电子配置的元素。例如，钾(K)、钙(Ca)等过渡金属之后的主族元素，在达到一定序号时会开始填充N层。
5. 通过对比分析，发现当A为氯(Cl, [Ne]3s²3p⁵)而B为氩(Ar, [Ne]3s²3p⁶)时符合上述条件：Cl的M层有7个电子（3s²3p⁵），Ar的M层完全填满有8个电子，满足“A的M层比B少4个电子”的条件；同时，假设讨论的是更高能级的状态，比如离子态或者其他形式的存在，那么在某些条件下，Ar可能显示出比Cl更多的N层电子（虽然标准状态下它们都没有N层电子）。
6. 关于""A与B反应得到的两种化合物""这一部分，基于氯(Cl)和氩(Ar)的性质，通常情况下，由于氩是一个稀有气体，其化学性质非常稳定，不易与其他元素形成化合物。但是，题目中的设定可能存在理论上的探讨空间，特别是涉及到特殊条件下的化学反应。然而，按照常规理解，氯(Cl)和氩(Ar)之间不容易直接形成稳定的化合物。

综上所述，根据题意推测，A可能指的是氯(Cl)，但关于A与B反应生成物的部分，基于提供的信息很难准确确定具体的化合物类型，尤其是考虑到氩(Ar)作为稀有气体的特点。",：此题目的表述可能存在一定的模糊性，使得难以精确地确定A的具体元素以及A与B反应的确切产物。基于上述分析，A可能是氯(Cl)，但关于两种化合物的具体名称无法仅凭现有信息得出。对于“A与B反应得到的两种化合物为___”这部分内容，需要更详细的背景信息来提供一个确切的答案。,N/A,N/A,N/A
"非放射性元素中, 单电子数最多的元素单电子数为 ___  个, 该元素在周期表中位于第 ___ 周期、第___ 族。","8 ,六, III B","：为了找到非放射性元素中单电子数最多的元素，我们需要了解元素的电子排布规律。单电子通常指的是最外层或次外层等价电子层中的未成对电子。根据泡利不相容原理和洪特规则，我们知道在相同的能级上，电子尽可能占据不同的轨道，并且自旋方向相同，直到每个轨道都有一个电子之后才会开始配对。这意味着对于给定的电子层数，某些配置可以拥有更多的单电子。

- 对于s区（IA、IIA族）来说，最多只能有一个或两个单电子。
- p区（IIIA至VIIIA族）内，由于p轨道可以容纳3个单电子，因此这些族内的元素可能含有较多的单电子。
- d区过渡金属（IIIB至VIIB族）及f区镧系和锕系元素也有潜力拥有较多的单电子，但考虑到题目要求是非放射性元素，我们主要关注d区。
- 在d区元素中，Cr (铬) 和Cu (铜) 是特别的例子，它们倾向于形成半满或全满的d轨道，从而增加了单电子的数量。Cr 的电子构型为 [Ar] 3d^5 4s^1, Cu 的是 [Ar] 3d^10 4s^1。这里Cr有6个单电子（5个来自3d轨道加上1个4s轨道上的），而Cu虽然d轨道是全满状态，但只贡献了1个单电子。
- 因此，在所有非放射性元素中，Cr(铬) 拥有最多的单电子数，即6个单电子。
- 铬位于周期表第四周期，第VI B族。",：6；四；VI B,N/A,N/A,N/A
"五种原子的基态电子排布如下: ① $1{\mathrm{\;s}}^{2}2{\mathrm{\;s}}^{2}$ ; ② $1{\mathrm{\;s}}^{2}2{\mathrm{\;s}}^{2}2{\mathrm{p}}^{5}$ ; ③ $1{\mathrm{\;s}}^{2}2{\mathrm{\;s}}^{2}2{\mathrm{p}}^{1}$ ; ④ $1{\mathrm{\;s}}^{2}2{\mathrm{\;s}}^{2}2{\mathrm{p}}^{6}3{\mathrm{\;s}}^{1}$ ; ⑤ $1{\mathrm{\;s}}^{2}2{\mathrm{\;s}}^{2}2{\mathrm{p}}^{6}3{\mathrm{\;s}}^{2}$ ,其中原子半径最大的是 ,第二电离能最小的是 ,电负性最大的是","④,⑤,②","：首先，我们需要理解题目中提到的几个概念以及它们与电子排布之间的关系。

- 原子半径通常随着原子序数增加而减小（在同一周期内），但在新周期开始时会突然增大（因为增加了新的主量子数）。在给定选项中，⑤ $1{\mathrm{\;s}}^{2}2{\mathrm{\;s}}^{2}2{\mathrm{p}}^{6}3{\mathrm{\;s}}^{2}$ 位于第三周期且拥有最多的电子层，因此其原子半径最大。
- 第二电离能指的是从一个正一价离子移除一个电子所需的能量。对于给定的元素来说，如果第一个被移除的电子来自一个完全填充或几乎完全填充的壳层，则第二电离能通常较高；反之，如果第一个被移除的电子使得剩余电子处于更稳定的状态（如形成稳定的半满或全满结构），则第二电离能较低。根据这个原则，④ $1{\mathrm{\;s}}^{2}2{\mathrm{\;s}}^{2}2{\mathrm{p}}^{6}3{\mathrm{\;s}}^{1}$ 在失去一个3s电子后留下了一个稳定的$2\mathrm{p}^6$配置，这表明它的第二电离能应该是最小的。
- 电负性衡量的是原子吸引电子对的能力，在周期表中，一般来说，向右移动电负性增加，向下移动电负性减少。但是，在这里我们主要考虑的是最外层电子的数量和排列方式。由于电负性还受到核对外层电子吸引力的影响，因此具有较多价电子且这些电子距离核较近的原子往往表现出较高的电负性。基于此，② $1{\mathrm{\;s}}^{2}2{\mathrm{\;s}}^{2}2{\mathrm{p}}^{5}$ 的情况最为符合这一描述，它只有一个空位就能达到完整的2p轨道，所以它的电负性最大。","：原子半径最大的是 ⑤, 第二电离能最小的是 ④, 电负性最大的是 ②",N/A,N/A,N/A
